title,category_id
ACADEMY DINOSAUR,6
ANACONDA CONFESSIONS,2
ANGELS LIFE,13
BULWORTH COMMANDMENTS,10
CHEAPER CLYDE,14
COLOR PHILADELPHIA,4
ELEPHANT TROJAN,11
GLEAMING JAWBREAKER,15
HUMAN GRAFFITI,10
KING EVOLUTION,8
LADY STAGE,11
LANGUAGE COWBOY,3
MULHOLLAND BEAST,9
OKLAHOMA JUMANJI,13
RULES HUMAN,11
SPLASH GUMP,8
VERTIGO NORTHWEST,5
WESTWARD SEABISCUIT,4
WIZARD COLDBLOODED,12
ADAPTATION HOLES,6
APACHE DIVINE,8
BABY HALL,9
BULL SHAWSHANK,1
CHAINSAW UPTOWN,14
CHISUM BEHAVIOR,8
DESTINY SATURDAY,13
DRACULA CRYSTAL,4
FIGHT JAWBREAKER,2
FLASH WARS,13
GILBERT PELICAN,4
GOODFELLAS SALUTE,14
HAPPINESS UNITED,9
INDIAN LOVE,8
JEKYLL FROGMEN,13
JERSEY SASSY,3
LIAISONS SWEET,16
LUCKY FLYING,12
MAGUIRE APACHE,8
MALLRATS UNITED,5
MASK PEACH,13
ROOF CHAMPION,10
RUSHMORE MERMAID,5
SMILE EARRING,16
WARDROBE PHANTOM,7
ALONE TRIP,12
ARMY FLINTSTONES,6
ARTIST COLDBLOODED,15
BOONDOCK BALLROOM,16
CADDYSHACK JEDI,1
COWBOY DOOM,9
EVE RESURRECTION,13
FORREST SONS,1
FRENCH HOLIDAY,6
FROST HEAD,4
HALLOWEEN NUTS,6
HUNTER ALTER,6
IMAGE PRINCESS,15
JEEPERS WEDDING,4
LUCK OPUS,7
NECKLACE OUTBREAK,7
PLATOON INSTINCT,13
SPICE SORORITY,7
WEDDING APOLLO,6
WEEKEND PERSONAL,14
WHALE BIKINI,9
YOUNG LANGUAGE,6
BAREFOOT MANCHURIAN,1
BED HIGHBALL,6
BLADE POLISH,7
GHOSTBUSTERS ELF,2
GREEDY ROOTS,7
HANOVER GALAXY,12
INSTINCT AIRPORT,15
JUMANJI BLADE,13
NATIONAL STORY,6
POSEIDON FOREVER,15
RAIDERS ANTITRUST,6
RANDOM GO,14
REDS POCUS,12
SILVERADO GOLDFINGER,14
SUBMARINE BED,5
TREASURE COMMAND,11
UNFORGIVEN ZOOLANDER,14
AMADEUS HOLY,1
BANGER PINOCCHIO,12
BONNIE HOLOCAUST,6
CHITTY LOCK,7
COMMANDMENTS EXPRESS,11
CONEHEADS SMOOCHY,7
DADDY PITTSBURGH,5
DAISY MENAGERIE,14
ENOUGH RAGING,16
ESCAPE METROPOLIS,16
FIRE WOLVES,10
FRONTIER CABIN,13
GRAIL FRANKENSTEIN,1
GROOVE FICTION,15
HALL CASSIDY,3
HEAVENLY GUN,12
KRAMER CHOCOLATE,15
LOVE SUICIDES,11
METAL ARMAGEDDON,6
PACIFIC AMISTAD,6
PATTON INTERVIEW,11
POCUS PULP,6
RIDGEMONT SUBMARINE,13
RINGS HEARTBREAKERS,1
SOLDIERS EVOLUTION,14
STAR OPERATION,15
SUNRISE LEAGUE,2
ANTITRUST TOMATOES,1
BANG KWAI,8
BEAST HUNCHBACK,4
BIKINI BORROWERS,2
CALENDAR GUNFIGHT,9
COAST RAINBOW,6
COLDBLOODED DARLING,14
CROSSROADS CASUALTIES,2
DROP WATERFRONT,15
IGBY MAKER,16
LESSON CLEOPATRA,15
LIBERTY MAGNIFICENT,15
POTLUCK MIXED,2
SPEED SUIT,16
TITANIC BOONDOCK,2
TRADING PINOCCHIO,15
WYOMING STORM,13
ANONYMOUS HUMAN,15
ARACHNOPHOBIA ROLLERCOASTER,11
BERETS AGENT,1
BREAKING HOME,13
COMMAND DARLING,9
CONFESSIONS MAGUIRE,7
DAZED PUNK,10
DECEIVER BETRAYED,7
DESTINATION JERK,7
EXCITEMENT EVE,1
GASLIGHT CRUSADE,11
HELLFIGHTERS SIERRA,9
MALKOVICH PET,4
OCTOBER SUBMARINE,4
OPEN AFRICAN,14
SAINTS BRIDE,7
SAVANNAH TOWN,7
SCISSORHANDS SLUMS,9
SLEEPLESS MONSOON,2
SLEEPY JAPANESE,13
STING PERSONAL,13
TOWN ARK,9
TRACY CIDER,2
TREATMENT JEKYLL,7
WAR NOTTING,9
WARLOCK WEREWOLF,3
CAMPUS REMEMBER,1
CLONES PINOCCHIO,12
CONQUERER NUTS,7
CROWDS TELEMARK,14
DANCES NONE,1
DRIVING POLISH,12
DURHAM PANKY,15
HANGING DEEP,7
LIGHTS DEER,4
LOSER HUSTLER,15
RUNNER MADIGAN,12
SCHOOL JACKET,9
SCORPION APOLLO,7
SUGAR WONKA,2
TOMORROW HUSTLER,4
VANISHING ROCKY,12
ANYTHING SAVANNAH,11
BIRCH ANTITRUST,12
CHOCOLAT HARRY,8
CHOCOLATE DUCK,9
CROOKED FROGMEN,3
CURTAIN VIDEOTAPE,10
DALMATIONS SWEDEN,7
HORROR REIGN,16
LAWLESS VISION,2
LEBOWSKI SOLDIERS,7
MAJESTIC FLOATS,6
PERDITION FARGO,15
PRIMARY GLASS,1
REEF SALUTE,11
SNATCHERS MONTEZUMA,4
SWEETHEARTS SUSPECTS,3
TIES HUNGER,3
TRAFFIC HOBBIT,16
UNTOUCHABLES SUNRISE,6
WATERFRONT DELIVERANCE,1
WILD APOLLO,13
ALABAMA DEVIL,11
DIVINE RESURRECTION,10
DRAGONFLY STRANGERS,13
GOLDFINGER SENSIBILITY,7
JAWBREAKER BROOKLYN,12
LIFE TWISTED,5
LORD ARIZONA,1
MOD SECRETARY,6
PREJUDICE OLEANDER,4
PUNK DIVORCE,2
REAP UNFAITHFUL,11
SHAKESPEARE SADDLE,15
TROUBLE DATE,16
USUAL UNTOUCHABLES,9
VACATION BOONDOCK,14
WON DARES,12
CANYON STOCK,2
ENCINO ELF,10
ENDING CROWDS,13
GANDHI KWAI,8
GODFATHER DIARY,13
HANDICAP BOONDOCK,1
HONEY TIES,15
HORN WORKING,2
MEET CHOCOLATE,9
MOONWALKER FOOL,10
OLEANDER CLUE,12
RACER EGG,7
STORY SIDE,1
STRANGERS GRAFFITI,11
THIN SAGEBRUSH,6
TOOTSIE PILOT,3
UPTOWN YOUNG,3
VELVET TERMINATOR,5
WEST LION,7
WORKER TARZAN,16
ALLEY EVOLUTION,9
ARABIA DOGMA,11
ARIZONA BANG,4
BOUND CHEAPER,4
BOWFINGER GABLES,11
BUNCH MINDS,7
CLEOPATRA DEVIL,13
CONNECTICUT TRAMP,14
DARES PLUTO,2
DATE SPEED,8
DAY UNFAITHFUL,13
DOORS PRESIDENT,2
FURY MURDER,3
HARDLY ROBBERS,6
HIGHBALL POTTER,9
HOLES BRANNIGAN,15
INDEPENDENCE HOTEL,6
LEATHERNECKS DWARFS,16
MONTEREY LABYRINTH,11
NOVOCAINE FLIGHT,15
PERFECT GROOVE,5
REUNION WITCHES,7
SMOKING BARBARELLA,6
STAGECOACH ARMAGEDDON,1
SWEDEN SHINING,5
TELEMARK HEARTBREAKERS,2
VIRGINIAN PLUTO,6
ATTRACTION NEWTON,13
CABIN FLASH,3
CHINATOWN GLADIATOR,13
CLASH FREDDY,2
CLUELESS BUCKET,1
DRIVER ANNIE,15
FRIDA SLIPPER,9
GALAXY SWEETHEARTS,4
GRINCH MASSAGE,10
GROUNDHOG UNCUT,5
HOMEWARD CIDER,6
INCH JET,2
LEGALLY SECRETARY,3
LION UNCUT,5
LOLITA WORLD,8
MODEL FISH,3
MOTIONS DETAILS,11
REBEL AIRPORT,12
RIDER CADDYSHACK,15
SNOWMAN ROLLERCOASTER,2
SPLENDOR PATTON,3
STEEL SANTA,4
TORQUE BOUND,7
ZHIVAGO CORE,11
CRANES RESERVOIR,15
DIRTY ACE,10
DONNIE ALLEY,2
DRIFTER COMMANDMENTS,1
DRUMS DYNAMITE,11
ENEMY ODDS,12
GORGEOUS BINGO,3
HIGH ENCINO,11
HILLS NEIGHBORS,1
HOBBIT ALIEN,7
IMPACT ALADDIN,12
ITALIAN AFRICAN,16
JAPANESE RUN,11
KENTUCKIAN GIANT,11
LOVELY JINGLE,4
LOVER TRUMAN,4
MUSSOLINI SPOILERS,15
POLISH BROOKLYN,3
SALUTE APOLLO,13
SATURDAY LAMBS,15
STOCK GLASS,13
STREETCAR INTENTIONS,11
TIGHTS DAWN,15
TRAP GUYS,9
TYCOON GATHERING,10
VOICE PEACH,13
BORROWERS BEDAZZLED,2
BUTCH PANTHER,13
CASSIDY WYOMING,16
EGYPT TENENBAUMS,11
EMPIRE MALKOVICH,3
FLYING HOOK,2
FUGITIVE MAGUIRE,16
HYDE DOCTOR,4
KISS GLORY,9
KNOCK WARLOCK,5
LUKE MUMMY,2
MAKER GABLES,3
MONTEZUMA COMMAND,1
NOON PAPI,3
ROSES TREASURE,15
SHANE DARKNESS,16
SIEGE MADRE,8
THEORY MERMAID,2
VOLCANO TEXAS,10
WEREWOLF LOLA,1
WONDERLAND CHRISTMAS,14
BLANKET BEVERLY,8
BROTHERHOOD BLANKET,6
CAROL TEXAS,2
DELIVERANCE MULHOLLAND,6
EAGLES PANKY,13
EARRING INSTINCT,8
EASY GLADIATOR,1
ENTRAPMENT SATISFACTION,1
GABLES METROPOLIS,8
IMPOSSIBLE PREJUDICE,9
MAGNIFICENT CHITTY,4
MIRACLE VIRTUAL,2
MISSION ZOOLANDER,2
REAR TRADING,1
SENSE GREEK,15
CAPER MOTIONS,5
CASPER DRAGONFLY,3
CAT CONEHEADS,5
CUPBOARD SINNERS,6
CYCLONE FAMILY,9
FEVER EMPIRE,10
FIDELITY DEVIL,11
GREATEST NORTH,12
IRON MOON,4
JAWS HARRY,5
LIES TREATMENT,7
MICROCOSMOS PARADISE,3
MOVIE SHAKESPEARE,8
MUMMY CREATURES,15
ROAD ROXANNE,6
SIDE ARK,1
SINNERS ATLANTIS,11
STRANGER STRANGERS,3
TADPOLE PARK,4
ATTACKS HATE,14
BOILED DARES,16
EARLY HOME,2
ELIZABETH SHANE,15
GUMP DATE,16
INNOCENT USUAL,9
INSIDER ARIZONA,12
JERK PAYCHECK,4
SLING LUKE,4
STATE WASTELAND,10
SUN CONFESSIONS,14
TEQUILA PAST,3
TUXEDO MILE,15
VIRGIN DAISY,7
ACE GOLDFINGER,11
CIRCUS YOUTH,3
CONTROL ANTHEM,5
DARN FORRESTER,1
DYNAMITE TARZAN,4
HATE HANDICAP,5
HOMICIDE PEACH,8
JACKET FRISCO,7
OSCAR GOLD,2
PELICAN COMFORTS,6
PERSONAL LADYBUGS,12
RAGING AIRPLANE,14
RUN PACIFIC,13
SADDLE ANTITRUST,5
SHAWSHANK BUBBLE,16
TAXI KICK,12
BEDAZZLED MARRIED,8
DINOSAUR SECRETARY,8
EGG IGBY,6
JUNGLE CLOSER,13
LOLA AGENT,11
LOSE INCH,9
LOVERBOY ATTACKS,13
MODERN DORADO,6
ORIENT CLOSER,7
PAJAMA JAWBREAKER,4
PATIENT SISTER,4
SAGEBRUSH CLUELESS,6
SHANGHAI TYCOON,16
WASTELAND DIVINE,4
WINDOW SIDE,16
AGENT TRUMAN,9
BORN SPINAL,16
CHICKEN HELLFIGHTERS,6
CLOSER BANG,5
HOME PITY,12
KILL BROTHERHOOD,6
LADYBUGS ARMAGEDDON,10
PINOCCHIO SIMON,5
PLUTO OLEANDER,13
PRIX UNDEFEATED,8
PULP BEVERLY,11
RIVER OUTLAW,15
SLEEPING SUSPECTS,11
THIEF PELICAN,2
TITANS JERK,14
UNBREAKABLE KARATE,13
EVOLUTION ALTER,15
EXPECATIONS NATURAL,16
GANGS PRIDE,2
HOOK CHARIOTS,2
JERICHO MULAN,10
JUMPING WRATH,3
ODDS BOOGIE,8
OUTLAW HANKY,16
RIGHT CRANES,4
SEATTLE EXPECATIONS,7
SKY MIRACLE,1
TROJAN TOMORROW,14
BLACKOUT PRIVATE,2
CANDIDATE PERDITION,4
CANDLES GRAPES,10
DIVIDE MONSTER,14
GOLDMINE TYCOON,14
HOCUS FRIDA,8
HOTEL HAPPINESS,9
IDENTITY LOVER,14
MAGNOLIA FORRESTER,1
OZ LIAISONS,2
SONS INTERVIEW,2
STREAK RIDGEMONT,6
VANISHED GARDEN,13
WOLVES DESIRE,16
YOUTH KICK,12
BLUES INSTINCT,8
CASUALTIES ENCINO,1
CONNECTION MICROCOSMOS,5
CROW GREASE,1
DOOM DANCING,5
FREEDOM CLEOPATRA,5
HAUNTED ANTITRUST,16
MOB DUFFEL,7
PANIC CLUB,11
PURE RUNNER,5
SEVEN SWARM,10
SPINAL ROCKY,8
AMERICAN CIRCUS,1
BOOGIE AMELIE,12
CITIZEN SHREK,14
DOUBLE WRATH,2
FICTION CHRISTMAS,9
MASSAGE IMAGE,2
SABRINA MIDNIGHT,3
BOULEVARD MOB,13
BRANNIGAN SUNRISE,13
BUCKET BROTHERHOOD,16
CRAFT OUTFIELD,7
FOOL MOCKINGBIRD,1
GUYS FALCON,14
LONELY ELEPHANT,5
MADISON TRAP,6
PITTSBURGH HUNCHBACK,8
RANGE MOONWALKER,8
SORORITY QUEEN,9
TEXAS WATCH,11
TRAIN BUNCH,11
TRAMP OTHERS,5
CIDER DESIRE,6
EFFECT GLADIATOR,8
FREDDY STORM,11
GAMES BOWFINGER,16
GLADIATOR WESTWARD,8
MOCKINGBIRD HOLLYWOOD,1
PILOT HOOSIERS,8
PRESIDENT BANG,8
SPIRIT FLINTSTONES,11
WONKA SEA,2
ALICE FANTASIA,4
ATLANTIS CAUSE,8
BEACH HEARTBREAKERS,6
DUCK RACER,2
GILMORE BOILED,4
LAMBS CINCINATTI,10
MAIDEN HOME,13
MIDNIGHT WESTWARD,1
NEIGHBORS CHARADE,15
NONE SPIKING,14
ROOM ROMAN,2
SHOOTIST SUPERFLY,7
SHRUNK DIVINE,1
SPY MILE,10
TELEGRAPH VOYAGE,12
WAIT CIDER,2
WIFE TURN,6
ALADDIN CALENDAR,15
CENTER DINOSAUR,4
CHAMBER ITALIAN,12
ENCOUNTERS CURTAIN,7
EXPRESS LONELY,14
HOURS RAGE,13
HUSTLER PARTY,5
JEOPARDY ENCINO,4
JOON NORTHWEST,15
MAGIC MALLRATS,3
MONEY HAROLD,13
OUTBREAK DIVINE,10
REIGN GENTLEMEN,14
SUMMER SCARFACE,4
BEETHOVEN EXORCIST,7
BEVERLY OUTLAW,14
BIRDS PERDITION,13
DUDE BLINDNESS,15
DUMBO LUST,8
FAMILY SWEET,11
FIREHOUSE VIETNAM,1
MATRIX SNOWMAN,9
SILENCE KANE,12
CLYDE THEORY,13
CRAZY HOME,5
FACTORY DRAGON,16
FERRIS MOTHER,5
GONE TROUBLE,7
GREEK EVERYONE,9
HOOSIERS BIRDCAGE,9
ROCKY WAR,7
WISDOM WORKER,5
BEHAVIOR RUNAWAY,11
CHAPLIN LICENSE,13
CRUSADE HONEY,15
DEEP CRUSADE,6
FEUD FROGMEN,8
FIDDLER LOST,14
HAROLD FRENCH,7
PACKER MADIGAN,2
PEACH INNOCENT,15
PEARL DESTINY,9
CHANCE RESURRECTION,15
DAUGHTER MADIGAN,3
DREAM PICKUP,1
FATAL HAUNTED,13
FEATHERS METAL,10
JUGGLER HARDLY,2
ROBBERS JOON,3
ROCK INSTINCT,11
TEEN APOLLO,16
TEMPLE ATTRACTION,11
WATERSHIP FRONTIER,11
WHISPERER GIANT,14
WRONG BEHAVIOR,3
DORADO NOTTING,12
GUNFIGHTER MUSSOLINI,15
KANE EXORCIST,9
LOATHING LEGALLY,4
PEAK FOREVER,15
REDEMPTION COMFORTS,13
SHIP WONDERLAND,6
SQUAD FISH,15
VOLUME HOUSE,4
BALLROOM MOCKINGBIRD,9
NASH CHOCOLAT,2
QUEST MUSSOLINI,1
ROCKETEER MOTHER,9
RUGRATS SHAKESPEARE,1
ALIEN CENTER,9
BLINDNESS GUN,14
GUN BONNIE,10
HEAVEN FREEDOM,5
INTOLERABLE INTENTIONS,6
MENAGERIE RUSHMORE,2
TALENTED HOMICIDE,15
TRUMAN CRAZY,1
VALENTINE VANISHING,16
WANDA CHAMBER,10
ALASKA PHANTOM,12
CARRIE BUNCH,11
FIREBALL PHILADELPHIA,5
INTRIGUE WORST,9
METROPOLIS COMA,14
PATHS CONTROL,7
STALLION SUNDANCE,14
STAMPEDE DISTURBING,10
UNITED PILOT,6
WATCH TRACY,2
WORKING MICROCOSMOS,16
ANALYZE HOOSIERS,11
CLUB GRAFFITI,2
CONGENIALITY QUEST,15
DESIRE ALIEN,2
FRISCO FORREST,14
GENTLEMEN STAGE,9
IDAHO LOVE,13
IDOLS SNATCHERS,3
KISSING DOLLS,1
LEGEND JEDI,12
PURPLE MOVIE,9
TARZAN VIDEOTAPE,11
BILKO ANONYMOUS,8
BINGO TALENTED,14
COMANCHEROS ENEMY,3
DESERT POSEIDON,11
EVERYONE CRAFT,9
EXORCIST STING,15
